TP,TN,FP,FN,accuracy,precision,recall,specificity,amplification_type,mut,Sr,dens,SP,dev
30,1621,1343,0,0.551436205744823,0.021849963583394028,1.0,0.5468960863697706,polonies,0.002,20,50,0.85,0.05
