TP,TN,FP,FN,accuracy,precision,recall,specificity,amplification_type,mut,Sr,dens,SP,dev
30,1188,1002,0,0.5486486486486486,0.029069767441860465,1.0,0.5424657534246575,polonies,0.002,10,150,0.85,0.05
