TP,TN,FP,FN,accuracy,precision,recall,specificity,amplification_type,mut,Sr,dens,SP,dev
26,10977,20,4,0.9978235240772649,0.5652173913043478,0.8666666666666667,0.998181322178776,polonies,0.01,10,150,0.85,0.05
