TP,TN,FP,FN,accuracy,precision,recall,specificity,amplification_type,mut,Sr,dens,SP,dev
28,11809,18732,2,0.3871970167806091,0.0014925373134328358,0.9333333333333333,0.3866605546642219,polonies,0.01,30,50,0.85,0.05
