TP,TN,FP,FN,accuracy,precision,recall,specificity,amplification_type,mut,Sr,dens,SP,dev
30,810,733,0,0.5340114431023522,0.039318479685452164,1.0,0.5249513933895009,polonies,0.002,10,100,0.85,0.05
