TP,TN,FP,FN,accuracy,precision,recall,specificity,amplification_type,mut,Sr,dens,SP,dev
27,27452,17,3,0.9992727008254846,0.6136363636363636,0.9,0.9993811205358768,polonies,0.01,20,100,0.85,0.05
