TP,TN,FP,FN,accuracy,precision,recall,specificity,amplification_type,mut,Sr,dens,SP,dev
30,35484,50550,0,0.41264640267707753,0.0005931198102016608,1.0,0.4124415928586373,polonies,0.01,30,150,0.85,0.05
