TP,TN,FP,FN,accuracy,precision,recall,specificity,amplification_type,mut,Sr,dens,SP,dev
30,3102,1798,0,0.6352941176470588,0.016411378555798686,1.0,0.633061224489796,polonies,0.001,30,100,0.85,0.05
