TP,TN,FP,FN,accuracy,precision,recall,specificity,amplification_type
30,9941,12,0,0.9987979565260944,0.7142857142857143,1.0,0.9987943333668241,polonies
