TP,TN,FP,FN,accuracy,precision,recall,specificity,amplification_type,mut,Sr,dens,SP,dev
30,3083,2076,0,0.5999229138562343,0.014245014245014245,1.0,0.5975964334173289,polonies,0.002,30,50,0.85,0.05
