TP,TN,FP,FN,accuracy,precision,recall,specificity,amplification_type,mut,Sr,dens,SP,dev
30,1608,1041,0,0.6114221724524076,0.028011204481792718,1.0,0.6070215175537939,polonies,0.001,20,100,0.85,0.05
