TP,TN,FP,FN,accuracy,precision,recall,specificity,amplification_type,mut,Sr,dens,SP,dev
30,787,662,0,0.5524002704530088,0.04335260115606936,1.0,0.5431331953071084,polonies,0.001,20,50,0.85,0.05
