TP,TN,FP,FN,accuracy,precision,recall,specificity,amplification_type,mut,Sr,dens,SP,dev
30,15701,24715,0,0.3889383375364684,0.0012123661345726409,1.0,0.3884847585114806,polonies,0.01,20,150,0.85,0.05
