TP,TN,FP,FN,accuracy,precision,recall,specificity,amplification_type,mut,Sr,dens,SP,dev
30,400,382,0,0.5295566502463054,0.07281553398058252,1.0,0.5115089514066496,polonies,0.001,10,100,0.85,0.05
