TP,TN,FP,FN,accuracy,precision,recall,specificity,amplification_type,mut,Sr,dens,SP,dev
29,5026,2,1,0.9994068801897983,0.9354838709677419,0.9666666666666667,0.9996022275258553,polonies,0.002,20,100,0.85,0.05
