TP,TN,FP,FN,accuracy,precision,recall,specificity,amplification_type,mut,Sr,dens,SP,dev
29,10279,17049,1,0.3767819285035456,0.001698091111371355,0.9666666666666667,0.3761343676814988,polonies,0.01,20,100,0.85,0.05
