TP,TN,FP,FN,accuracy,precision,recall,specificity,amplification_type,mut,Sr,dens,SP,dev
28,41095,25,2,0.9993438639125152,0.5283018867924528,0.9333333333333333,0.9993920233463035,polonies,0.01,20,150,0.85,0.05
