TP,TN,FP,FN,accuracy,precision,recall,specificity,amplification_type,mut,Sr,dens,SP,dev
30,5401,3693,0,0.5952433143358177,0.008058017727639,1.0,0.593908071255773,polonies,0.002,30,100,0.85,0.05
