TP,TN,FP,FN,accuracy,precision,recall,specificity,amplification_type,mut,Sr,dens,SP,dev
30,2303,1491,0,0.6100941422594143,0.01972386587771203,1.0,0.6070110701107011,polonies,0.001,20,150,0.85,0.05
