TP,TN,FP,FN,accuracy,precision,recall,specificity,amplification_type,mut,Sr,dens,SP,dev
28,3823,14,2,0.9958624256529609,0.6666666666666666,0.9333333333333333,0.9963513161323951,polonies,0.01,10,50,0.85,0.05
