TP,TN,FP,FN,accuracy,precision,recall,specificity,amplification_type,mut,Sr,dens,SP,dev
30,4134,6866,0,0.37751586582048957,0.004350348027842227,1.0,0.37581818181818183,polonies,0.01,10,150,0.85,0.05
