TP,TN,FP,FN,accuracy,precision,recall,specificity,amplification_type,mut,Sr,dens,SP,dev
26,30427,14,4,0.9994092743920449,0.65,0.8666666666666667,0.9995400939522354,polonies,0.01,30,50,0.85,0.05
