TP,TN,FP,FN,accuracy,precision,recall,specificity,amplification_type,mut,Sr,dens,SP,dev
30,565,530,0,0.5288888888888889,0.05357142857142857,1.0,0.5159817351598174,polonies,0.001,10,150,0.85,0.05
