TP,TN,FP,FN,accuracy,precision,recall,specificity,amplification_type,mut,Sr,dens,SP,dev
27,1332,2547,3,0.3476592478894858,0.01048951048951049,0.9,0.3433874709976798,polonies,0.01,10,50,0.85,0.05
