TP,TN,FP,FN,accuracy,precision,recall,specificity,amplification_type,mut,Sr,dens,SP,dev
30,4124,2948,0,0.5849056603773585,0.010073875083948958,1.0,0.5831447963800905,polonies,0.002,20,150,0.85,0.05
