TP,TN,FP,FN,accuracy,precision,recall,specificity,amplification_type,mut,Sr,dens,SP,dev
28,14478,17,2,0.9986919104991394,0.6222222222222222,0.9333333333333333,0.9988271817868231,polonies,0.01,20,50,0.85,0.05
