TP,TN,FP,FN,accuracy,precision,recall,specificity,amplification_type,mut,Sr,dens,SP,dev
30,23941,35346,0,0.4041168636309995,0.0008480325644504749,1.0,0.40381533894445665,polonies,0.01,30,100,0.85,0.05
