TP,TN,FP,FN,accuracy,precision,recall,specificity,amplification_type,mut,Sr,dens,SP,dev
30,5547,8794,0,0.38807320297822,0.003399818676337262,1.0,0.38679311066173905,polonies,0.01,20,50,0.85,0.05
