TP,TN,FP,FN,accuracy,precision,recall,specificity,amplification_type,mut,Sr,dens,SP,dev
30,2991,2226,0,0.5757575757575758,0.013297872340425532,1.0,0.5733179988499137,polonies,0.002,20,100,0.85,0.05
