TP,TN,FP,FN,accuracy,precision,recall,specificity,amplification_type,mut,Sr,dens,SP,dev
29,86483,15,1,0.9998150887573964,0.6590909090909091,0.9666666666666667,0.9998265855857938,polonies,0.01,30,150,0.85,0.05
