TP,TN,FP,FN,accuracy,precision,recall,specificity,amplification_type,mut,Sr,dens,SP,dev
30,1667,1007,0,0.6275887573964497,0.02892960462873674,1.0,0.6234106207928197,polonies,0.001,30,50,0.85,0.05
