TP,TN,FP,FN,accuracy,precision,recall,specificity,amplification_type,mut,Sr,dens,SP,dev
29,2851,4569,1,0.3865771812080537,0.006307090039147456,0.9666666666666667,0.3842318059299191,polonies,0.01,10,100,0.85,0.05
