TP,TN,FP,FN,accuracy,precision,recall,specificity,amplification_type,mutation_rate,cycles
29,23405,2,1,0.9998719972692751,0.9354838709677419,0.9666666666666667,0.999914555474858,pcr,0.005,15
